batch_id,input_symbol,input_company_name,nse_symbol,isin,legal_company_name,common_company_name,normalized_symbol,company_name_key,processed_status,processed_date,curation_status,overall_confidence,latest_annual_report_financial_year,source_profile_file,notes
nifty_50_shariah,ASIANPAINT,ASIAN PAINTS LTD.,ASIANPAINT,INE021A01026,Asian Paints Limited,Asian Paints Limited,ASIANPAINT,ASIAN PAINTS,processed,2026-05-26,curated_v2_agent_assisted,0.78,2024-2025,company_profiles.jsonl,
nifty_50_shariah,CIPLA,CIPLA LTD.,CIPLA,INE059A01026,Cipla Limited,Cipla Limited,CIPLA,CIPLA,processed,2026-05-26,curated_v2_agent_assisted,0.78,2024-2025,company_profiles.jsonl,
nifty_50_shariah,DRREDDY,DR.REDDY'S LABORATORIES LTD.,DRREDDY,INE089A01031,Dr. Reddy's Laboratories Limited,Dr. Reddy's Laboratories Limited,DRREDDY,DR REDDYS LABORATORIES,processed,2026-05-26,curated_v2_agent_assisted,0.78,2024-2025,company_profiles.jsonl,
nifty_50_shariah,HCLTECH,HCL TECHNOLOGIES LTD.,HCLTECH,INE860A01027,HCL Technologies Limited,HCL Technologies Limited,HCLTECH,HCL TECHNOLOGIES,processed,2026-05-26,curated_v2_agent_assisted,0.78,2024-2025,company_profiles.jsonl,
nifty_50_shariah,HINDALCO,Hindalco Industries,HINDALCO,INE038A01020,Hindalco Industries Limited,Hindalco Industries Limited,HINDALCO,HINDALCO INDUSTRIES,processed,2026-05-26,curated_v2_agent_assisted,0.78,2024-2025,company_profiles.jsonl,
nifty_50_shariah,HINDUNILVR,HINDUSTAN UNILEVER LTD.,HINDUNILVR,INE030A01027,Hindustan Unilever Limited,Hindustan Unilever Limited,HINDUNILVR,HINDUSTAN UNILEVER,processed,2026-05-26,curated_v2_agent_assisted,0.78,2024-2025,company_profiles.jsonl,
nifty_50_shariah,INFY,INFOSYS LTD.,INFY,INE009A01021,Infosys Limited,Infosys Limited,INFY,INFOSYS,processed,2026-05-26,curated_v2_agent_assisted,0.78,2024-2025,company_profiles.jsonl,
nifty_50_shariah,MAXHEALTH,MAX HEALTHCARE INSTITUTE LTD,MAXHEALTH,INE027H01010,Max Healthcare Institute Limited,Max Healthcare Institute Limited,MAXHEALTH,MAX HEALTHCARE INSTITUTE,processed,2026-05-26,curated_v2_agent_assisted,0.68,2024-2025,company_profiles.jsonl,annual-report text extraction failed; weak or missing data
nifty_50_shariah,NESTLEIND,NESTLE INDIA LTD.,NESTLEIND,INE239A01024,Nestle India Limited,Nestle India Limited,NESTLEIND,NESTLE INDIA,processed,2026-05-26,curated_v2_agent_assisted,0.78,2024-2025,company_profiles.jsonl,
nifty_50_shariah,ONGC,Oil & Natural Gas Corporation,ONGC,INE213A01029,Oil & Natural Gas Corporation Limited,Oil & Natural Gas Corporation Limited,ONGC,OIL AND NATURAL GAS CORPORATION,processed,2026-05-26,curated_v2_agent_assisted,0.78,2024-2025,company_profiles.jsonl,
nifty_50_shariah,SUNPHARMA,SUN PHARMACEUTICAL INDUSTRIES LTD.,SUNPHARMA,INE044A01036,Sun Pharmaceutical Industries Limited,Sun Pharmaceutical Industries Limited,SUNPHARMA,SUN PHARMACEUTICAL INDUSTRIES,processed,2026-05-26,curated_v2_agent_assisted,0.78,2024-2025,company_profiles.jsonl,
nifty_50_shariah,TATACONSUM,TATA CONSUMER PRODUCTS LTD,TATACONSUM,INE192A01025,TATA CONSUMER PRODUCTS LIMITED,TATA CONSUMER PRODUCTS LIMITED,TATACONSUM,TATA CONSUMER PRODUCTS,processed,2026-05-26,curated_v2_agent_assisted,0.78,2025-2026,company_profiles.jsonl,
nifty_50_shariah,TCS,TATA CONSULTANCY SERVICES LTD.,TCS,INE467B01029,Tata Consultancy Services Limited,Tata Consultancy Services Limited,TCS,TATA CONSULTANCY SERVICES,processed,2026-05-26,curated_v2_agent_assisted,0.78,2025-2026,company_profiles.jsonl,
nifty_50_shariah,TECHM,TECH MAHINDRA LTD.,TECHM,INE669C01036,Tech Mahindra Limited,Tech Mahindra Limited,TECHM,TECH MAHINDRA,processed,2026-05-26,curated_v2_agent_assisted,0.78,2024-2025,company_profiles.jsonl,
nifty_50_shariah,TMPV,Tata Motors Passenger Vehicles Limited,TMPV,INE155A01022,Tata Motors Passenger Vehicles Limited,Tata Motors Passenger Vehicles Limited,TMPV,TATA MOTORS PASSENGER VEHICLES,processed,2026-05-26,curated_v2_agent_assisted,0.78,2024-2025,company_profiles.jsonl,
nifty_50_shariah,TRENT,TRENT LTD.,TRENT,INE849A01020,Trent Limited,Trent Limited,TRENT,TRENT,processed,2026-05-26,curated_v2_agent_assisted,0.78,2024-2025,company_profiles.jsonl,
nifty_50_shariah,ULTRACEMCO,ULTRATECH CEMENT LTD.,ULTRACEMCO,INE481G01011,UltraTech Cement Limited,UltraTech Cement Limited,ULTRACEMCO,ULTRATECH CEMENT,processed,2026-05-26,curated_v2_agent_assisted,0.78,2024-2025,company_profiles.jsonl,
nifty_500_shariah,3MINDIA,3M India Ltd.,3MINDIA,INE470A01017,3M India Limited,3M India Limited,3MINDIA,3M INDIA,processed,2026-05-27,curated_v2_agent_assisted,0.68,2024-2025,company_profiles.jsonl,
nifty_500_shariah,ABFRL,Aditya Birla Fashion and Retail Ltd.,ABFRL,INE647O01011,Aditya Birla Fashion and Retail Limited,Aditya Birla Fashion and Retail Limited,ABFRL,ADITYA BIRLA FASHION AND RETAIL,processed,2026-05-27,curated_v2_agent_assisted,0.68,2024-2025,company_profiles.jsonl,
nifty_500_shariah,ABLBL,Aditya Birla Lifestyle Brands Ltd.,ABLBL,INE14LE01019,Aditya Birla Lifestyle Brands Limited,Aditya Birla Lifestyle Brands Limited,ABLBL,ADITYA BIRLA LIFESTYLE BRANDS,processed,2026-05-27,curated_v2_agent_assisted,0.68,2024-2025,company_profiles.jsonl,
nifty_500_shariah,ACE,Action Construction Equipment Ltd.,ACE,INE731H01025,Action Construction Equipment Limited,Action Construction Equipment Limited,ACE,ACTION CONSTRUCTION EQUIPMENT,processed,2026-05-27,curated_v2_agent_assisted,0.68,2024-2025,company_profiles.jsonl,
nifty_500_shariah,ACUTAAS,Acutaas Chemicals Ltd.,ACUTAAS,INE00FF01025,Acutaas Chemicals Limited,Acutaas Chemicals Limited,ACUTAAS,ACUTAAS CHEMICALS,processed,2026-05-27,curated_v2_agent_assisted,0.68,2024-2025,company_profiles.jsonl,
nifty_500_shariah,AFCONS,Afcons Infrastructure Ltd.,AFCONS,INE101I01011,Afcons Infrastructure Limited,Afcons Infrastructure Limited,AFCONS,AFCONS INFRASTRUCTURE,processed,2026-05-27,curated_v2_agent_assisted,0.68,2024-2025,company_profiles.jsonl,annual-report text extraction: PdfReadError: Cannot find Root object in pdf
nifty_500_shariah,AJANTPHARM,Ajanta Pharma Ltd.,AJANTPHARM,INE031B01049,Ajanta Pharma Limited,Ajanta Pharma Limited,AJANTPHARM,AJANTA PHARMA,processed,2026-05-27,curated_v2_agent_assisted,0.68,2024-2025,company_profiles.jsonl,annual-report text extraction: PdfReadError: Cannot find Root object in pdf
nifty_500_shariah,ALKEM,Alkem Laboratories Ltd.,ALKEM,INE540L01014,Alkem Laboratories Limited,Alkem Laboratories Limited,ALKEM,ALKEM LABORATORIES,processed,2026-05-27,curated_v2_agent_assisted,0.68,2024-2025,company_profiles.jsonl,
nifty_500_shariah,AMBER,Amber Enterprises India Ltd.,AMBER,INE371P01015,Amber Enterprises India Limited,Amber Enterprises India Limited,AMBER,AMBER ENTERPRISES INDIA,processed,2026-05-27,curated_v2_agent_assisted,0.68,2024-2025,company_profiles.jsonl,
nifty_500_shariah,ANANTRAJ,Anant Raj Ltd.,ANANTRAJ,INE242C01024,Anant Raj Limited,Anant Raj Limited,ANANTRAJ,ANANT RAJ,processed,2026-05-27,curated_v2_agent_assisted,0.68,2024-2025,company_profiles.jsonl,
nifty_500_shariah,APARINDS,Apar Industries Ltd.,APARINDS,INE372A01015,Apar Industries Limited,Apar Industries Limited,APARINDS,APAR INDUSTRIES,processed,2026-05-27,curated_v2_agent_assisted,0.68,2024-2025,company_profiles.jsonl,annual-report text extraction: PdfReadError: Cannot find Root object in pdf
nifty_500_shariah,APLAPOLLO,APL Apollo Tubes Ltd.,APLAPOLLO,INE702C01027,APL Apollo Tubes Limited,APL Apollo Tubes Limited,APLAPOLLO,APL APOLLO TUBES,processed,2026-05-27,curated_v2_agent_assisted,0.68,2024-2025,company_profiles.jsonl,
nifty_500_shariah,APOLLOTYRE,Apollo Tyres Ltd.,APOLLOTYRE,INE438A01022,Apollo Tyres Limited,Apollo Tyres Limited,APOLLOTYRE,APOLLO TYRES,processed,2026-05-27,curated_v2_agent_assisted,0.68,2024-2025,company_profiles.jsonl,
nifty_500_shariah,ARE&M,Amara Raja Energy & Mobility Ltd.,ARE&M,INE885A01032,Amara Raja Energy & Mobility Limited,Amara Raja Energy & Mobility Limited,ARE&M,AMARA RAJA ENERGY AND MOBILITY,processed,2026-05-27,curated_v2_agent_assisted,0.68,2024-2025,company_profiles.jsonl,
nifty_500_shariah,ASTERDM,Aster DM Healthcare Ltd.,ASTERDM,INE914M01019,Aster DM Healthcare Limited,Aster DM Healthcare Limited,ASTERDM,ASTER DM HEALTHCARE,processed,2026-05-27,curated_v2_agent_assisted,0.68,2024-2025,company_profiles.jsonl,
nifty_500_shariah,ASTRAL,Astral Ltd.,ASTRAL,INE006I01046,Astral Limited,Astral Limited,ASTRAL,ASTRAL,processed,2026-05-27,curated_v2_agent_assisted,0.68,2024-2025,company_profiles.jsonl,
nifty_500_shariah,ATGL,Adani Total Gas Ltd.,ATGL,INE399L01023,Adani Total Gas Limited,Adani Total Gas Limited,ATGL,ADANI TOTAL GAS,processed,2026-05-27,curated_v2_agent_assisted,0.68,2024-2025,company_profiles.jsonl,
nifty_500_shariah,ATUL,Atul Ltd.,ATUL,INE100A01010,Atul Limited,Atul Limited,ATUL,ATUL,processed,2026-05-27,curated_v2_agent_assisted,0.68,2024-2025,company_profiles.jsonl,annual-report text extraction: PdfReadError: Cannot find Root object in pdf
nifty_500_shariah,AUROPHARMA,Aurobindo Pharma Ltd.,AUROPHARMA,INE406A01037,Aurobindo Pharma Limited,Aurobindo Pharma Limited,AUROPHARMA,AUROBINDO PHARMA,processed,2026-05-27,curated_v2_agent_assisted,0.68,2024-2025,company_profiles.jsonl,
nifty_500_shariah,BALKRISIND,Balkrishna Industries Ltd.,BALKRISIND,INE787D01026,Balkrishna Industries Limited,Balkrishna Industries Limited,BALKRISIND,BALKRISHNA INDUSTRIES,processed,2026-05-27,curated_v2_agent_assisted,0.68,2024-2025,company_profiles.jsonl,
nifty_500_shariah,BATAINDIA,Bata India Ltd.,BATAINDIA,INE176A01028,Bata India Limited,Bata India Limited,BATAINDIA,BATA INDIA,processed,2026-05-27,curated_v2_agent_assisted,0.68,2024-2025,company_profiles.jsonl,
nifty_500_shariah,BAYERCROP,Bayer Cropscience Ltd.,BAYERCROP,INE462A01022,Bayer Cropscience Limited,Bayer Cropscience Limited,BAYERCROP,BAYER CROPSCIENCE,processed,2026-05-27,curated_v2_agent_assisted,0.68,2014-2015,company_profiles.jsonl,
nifty_500_shariah,BBTC,The Bombay Burmah Trading Corporation Ltd.,BBTC,INE050A01025,The Bombay Burmah Trading Corporation Limited,The Bombay Burmah Trading Corporation Limited,BBTC,THE BOMBAY BURMAH TRADING,processed,2026-05-27,curated_v2_agent_assisted,0.68,2024-2025,company_profiles.jsonl,
nifty_500_shariah,BERGEPAINT,Berger Paints (India) Ltd.,BERGEPAINT,INE463A01038,Berger Paints (I) Limited,Berger Paints (I) Limited,BERGEPAINT,BERGER PAINTS I,processed,2026-05-27,curated_v2_agent_assisted,0.68,2024-2025,company_profiles.jsonl,
nifty_500_shariah,BHEL,Bharat Heavy Electricals Ltd.,BHEL,INE257A01026,Bharat Heavy Electricals Limited,Bharat Heavy Electricals Limited,BHEL,BHARAT HEAVY ELECTRICALS,processed,2026-05-27,curated_v2_agent_assisted,0.68,2024-2025,company_profiles.jsonl,
nifty_500_shariah,BIKAJI,Bikaji Foods International Ltd.,BIKAJI,INE00E101023,Bikaji Foods International Limited,Bikaji Foods International Limited,BIKAJI,BIKAJI FOODS INTERNATIONAL,processed,2026-05-27,curated_v2_agent_assisted,0.68,2024-2025,company_profiles.jsonl,
nifty_500_shariah,BLUEDART,Blue Dart Express Ltd.,BLUEDART,INE233B01017,Blue Dart Express Limited,Blue Dart Express Limited,BLUEDART,BLUE DART EXPRESS,processed,2026-05-27,curated_v2_agent_assisted,0.68,2024-2025,company_profiles.jsonl,
nifty_500_shariah,BLUEJET,Blue Jet Healthcare Ltd,BLUEJET,INE0KBH01020,Blue Jet Healthcare Limited,Blue Jet Healthcare Limited,BLUEJET,BLUE JET HEALTHCARE,processed,2026-05-27,curated_v2_agent_assisted,0.68,2024-2025,company_profiles.jsonl,
nifty_500_shariah,BLUESTARCO,Blue Star Ltd.,BLUESTARCO,INE472A01039,Blue Star Limited,Blue Star Limited,BLUESTARCO,BLUE STAR,processed,2026-05-27,curated_v2_agent_assisted,0.68,2024-2025,company_profiles.jsonl,
nifty_500_shariah,BPCL,Bharat Petroleum Corporation Ltd.,BPCL,INE029A01011,Bharat Petroleum Corporation Limited,Bharat Petroleum Corporation Limited,BPCL,BHARAT PETROLEUM,processed,2026-05-27,curated_v2_agent_assisted,0.68,2024-2025,company_profiles.jsonl,
nifty_500_shariah,BRITANNIA,Britannia Industries Ltd.,BRITANNIA,INE216A01030,Britannia Industries Limited,Britannia Industries Limited,BRITANNIA,BRITANNIA INDUSTRIES,processed,2026-05-27,curated_v2_agent_assisted,0.68,2024-2025,company_profiles.jsonl,
nifty_500_shariah,BSOFT,Birlasoft Ltd.,BSOFT,INE836A01035,BIRLASOFT LIMITED,BIRLASOFT LIMITED,BSOFT,BIRLASOFT,processed,2026-05-27,curated_v2_agent_assisted,0.68,2024-2025,company_profiles.jsonl,
nifty_500_shariah,CARBORUNIV,Carborundum Universal Ltd.,CARBORUNIV,INE120A01034,Carborundum Universal Limited,Carborundum Universal Limited,CARBORUNIV,CARBORUNDUM UNIVERSAL,processed,2026-05-27,curated_v2_agent_assisted,0.68,2024-2025,company_profiles.jsonl,
nifty_500_shariah,CASTROLIND,Castrol India Ltd.,CASTROLIND,INE172A01027,Castrol India Limited,Castrol India Limited,CASTROLIND,CASTROL INDIA,processed,2026-05-27,curated_v2_agent_assisted,0.68,2025-2025,company_profiles.jsonl,
nifty_500_shariah,CEATLTD,Ceat Ltd.,CEATLTD,INE482A01020,CEAT Limited,CEAT Limited,CEATLTD,CEAT,processed,2026-05-27,curated_v2_agent_assisted,0.68,2024-2025,company_profiles.jsonl,
nifty_500_shariah,CEMPRO,Cemindia Projects Ltd.,CEMPRO,INE686A01026,Cemindia Projects Limited,Cemindia Projects Limited,CEMPRO,CEMINDIA PROJECTS,processed,2026-05-27,curated_v2_agent_assisted,0.68,2024-2025,company_profiles.jsonl,
nifty_500_shariah,CGPOWER,CG Power and Industrial Solutions Ltd.,CGPOWER,INE067A01029,CG Power and Industrial Solutions Limited,CG Power and Industrial Solutions Limited,CGPOWER,CG POWER AND INDUSTRIAL SOLUTIONS,processed,2026-05-27,curated_v2_agent_assisted,0.68,2024-2025,company_profiles.jsonl,
nifty_500_shariah,CHAMBLFERT,Chambal Fertilisers & Chemicals Ltd.,CHAMBLFERT,INE085A01013,Chambal Fertilizers & Chemicals Limited,Chambal Fertilizers & Chemicals Limited,CHAMBLFERT,CHAMBAL FERTILIZERS AND CHEMICALS,processed,2026-05-27,curated_v2_agent_assisted,0.68,2024-2025,company_profiles.jsonl,
nifty_500_shariah,CHENNPETRO,Chennai Petroleum Corporation Ltd.,CHENNPETRO,INE178A01016,Chennai Petroleum Corporation Limited,Chennai Petroleum Corporation Limited,CHENNPETRO,CHENNAI PETROLEUM,processed,2026-05-27,curated_v2_agent_assisted,0.68,2024-2025,company_profiles.jsonl,
nifty_500_shariah,COFORGE,Coforge Ltd.,COFORGE,INE591G01025,Coforge Limited,Coforge Limited,COFORGE,COFORGE,processed,2026-05-27,curated_v2_agent_assisted,0.68,2024-2025,company_profiles.jsonl,
nifty_500_shariah,COHANCE,Cohance Lifesciences Ltd.,COHANCE,INE03QK01018,Cohance Lifesciences Limited,Cohance Lifesciences Limited,COHANCE,COHANCE LIFESCIENCES,processed,2026-05-27,curated_v2_agent_assisted,0.68,2024-2025,company_profiles.jsonl,
nifty_500_shariah,COLPAL,Colgate-Palmolive (India) Ltd.,COLPAL,INE259A01022,Colgate Palmolive (India) Limited,Colgate Palmolive (India) Limited,COLPAL,COLGATE PALMOLIVE INDIA,processed,2026-05-27,curated_v2_agent_assisted,0.68,2024-2025,company_profiles.jsonl,annual-report text extraction: PdfReadError: Cannot find Root object in pdf
nifty_500_shariah,CONCORDBIO,Concord Biotech Ltd.,CONCORDBIO,INE338H01029,Concord Biotech Limited,Concord Biotech Limited,CONCORDBIO,CONCORD BIOTECH,processed,2026-05-27,curated_v2_agent_assisted,0.68,2024-2025,company_profiles.jsonl,
nifty_500_shariah,COROMANDEL,Coromandel International Ltd.,COROMANDEL,INE169A01031,Coromandel International Limited,Coromandel International Limited,COROMANDEL,COROMANDEL INTERNATIONAL,processed,2026-05-27,curated_v2_agent_assisted,0.68,2024-2025,company_profiles.jsonl,annual-report text extraction: PdfReadError: Cannot find Root object in pdf
nifty_500_shariah,CPPLUS,Aditya Infotech Ltd.,CPPLUS,INE819V01029,Aditya Infotech Limited,Aditya Infotech Limited,CPPLUS,ADITYA INFOTECH,processed,2026-05-27,curated_v2_agent_assisted,0.58,2024-2025,company_profiles.jsonl,weak or missing data
nifty_500_shariah,CRISIL,Crisil Ltd.,CRISIL,INE007A01025,CRISIL Limited,CRISIL Limited,CRISIL,CRISIL,processed,2026-05-27,curated_v2_agent_assisted,0.68,2025-2025,company_profiles.jsonl,
nifty_500_shariah,CROMPTON,Crompton Greaves Consumer Electricals Ltd.,CROMPTON,INE299U01018,Crompton Greaves Consumer Electricals Limited,Crompton Greaves Consumer Electricals Limited,CROMPTON,CROMPTON GREAVES CONSUMER ELECTRICALS,processed,2026-05-27,curated_v2_agent_assisted,0.68,2024-2025,company_profiles.jsonl,annual-report text extraction: PdfReadError: Cannot find Root object in pdf
nifty_500_shariah,CUMMINSIND,Cummins India Ltd.,CUMMINSIND,INE298A01020,Cummins India Limited,Cummins India Limited,CUMMINSIND,CUMMINS INDIA,processed,2026-05-27,curated_v2_agent_assisted,0.68,2024-2025,company_profiles.jsonl,
nifty_500_shariah,CYIENT,Cyient Ltd.,CYIENT,INE136B01020,Cyient Limited,Cyient Limited,CYIENT,CYIENT,processed,2026-05-27,curated_v2_agent_assisted,0.68,2024-2025,company_profiles.jsonl,annual-report text extraction: PdfReadError: Cannot find Root object in pdf
nifty_500_shariah,DALBHARAT,Dalmia Bharat Ltd.,DALBHARAT,INE00R701025,Dalmia Bharat Limited,Dalmia Bharat Limited,DALBHARAT,DALMIA BHARAT,processed,2026-05-27,curated_v2_agent_assisted,0.68,2024-2025,company_profiles.jsonl,
nifty_500_shariah,DEEPAKNTR,Deepak Nitrite Ltd.,DEEPAKNTR,INE288B01029,Deepak Nitrite Limited,Deepak Nitrite Limited,DEEPAKNTR,DEEPAK NITRITE,processed,2026-05-27,curated_v2_agent_assisted,0.68,2024-2025,company_profiles.jsonl,
nifty_500_shariah,DIXON,Dixon Technologies (India) Ltd.,DIXON,INE935N01020,Dixon Technologies (India) Limited,Dixon Technologies (India) Limited,DIXON,DIXON TECHNOLOGIES INDIA,processed,2026-05-27,curated_v2_agent_assisted,0.68,2024-2025,company_profiles.jsonl,
nifty_500_shariah,DMART,Avenue Supermarts Ltd.,DMART,INE192R01011,Avenue Supermarts Limited,Avenue Supermarts Limited,DMART,AVENUE SUPERMARTS,processed,2026-05-27,curated_v2_agent_assisted,0.68,2024-2025,company_profiles.jsonl,
nifty_500_shariah,DOMS,DOMS Industries Ltd.,DOMS,INE321T01012,DOMS Industries Limited,DOMS Industries Limited,DOMS,DOMS INDUSTRIES,processed,2026-05-27,curated_v2_agent_assisted,0.68,2024-2025,company_profiles.jsonl,
nifty_500_shariah,ECLERX,eClerx Services Ltd.,ECLERX,INE738I01010,eClerx Services Limited,eClerx Services Limited,ECLERX,ECLERX SERVICES,processed,2026-05-27,curated_v2_agent_assisted,0.68,2024-2025,company_profiles.jsonl,
nifty_500_shariah,ELECON,Elecon Engineering Company Ltd.,ELECON,INE205B01031,Elecon Engineering Company Limited,Elecon Engineering Company Limited,ELECON,ELECON ENGINEERING,processed,2026-05-27,curated_v2_agent_assisted,0.68,2024-2025,company_profiles.jsonl,
nifty_500_shariah,ELGIEQUIP,Elgi Equipments Ltd.,ELGIEQUIP,INE285A01027,Elgi Equipments Limited,Elgi Equipments Limited,ELGIEQUIP,ELGI EQUIPMENTS,processed,2026-05-27,curated_v2_agent_assisted,0.68,2024-2025,company_profiles.jsonl,
nifty_500_shariah,EMAMILTD,Emami Ltd.,EMAMILTD,INE548C01032,Emami Limited,Emami Limited,EMAMILTD,EMAMI,processed,2026-05-27,curated_v2_agent_assisted,0.68,2024-2025,company_profiles.jsonl,
nifty_500_shariah,EMCURE,Emcure Pharmaceuticals Ltd.,EMCURE,INE168P01015,Emcure Pharmaceuticals Limited,Emcure Pharmaceuticals Limited,EMCURE,EMCURE PHARMACEUTICALS,processed,2026-05-27,curated_v2_agent_assisted,0.68,2024-2025,company_profiles.jsonl,
nifty_500_shariah,ENDURANCE,Endurance Technologies Ltd.,ENDURANCE,INE913H01037,Endurance Technologies Limited,Endurance Technologies Limited,ENDURANCE,ENDURANCE TECHNOLOGIES,processed,2026-05-27,curated_v2_agent_assisted,0.68,2024-2025,company_profiles.jsonl,
nifty_500_shariah,ENRIN,Siemens Energy India Ltd.,ENRIN,INE1NPP01017,Siemens Energy India Limited,Siemens Energy India Limited,ENRIN,SIEMENS ENERGY INDIA,processed,2026-05-27,curated_v2_agent_assisted,0.68,2024-2025,company_profiles.jsonl,
nifty_500_shariah,EXIDEIND,Exide Industries Ltd.,EXIDEIND,INE302A01020,Exide Industries Limited,Exide Industries Limited,EXIDEIND,EXIDE INDUSTRIES,processed,2026-05-27,curated_v2_agent_assisted,0.68,2024-2025,company_profiles.jsonl,
nifty_500_shariah,FINCABLES,Finolex Cables Ltd.,FINCABLES,INE235A01022,Finolex Cables Limited,Finolex Cables Limited,FINCABLES,FINOLEX CABLES,processed,2026-05-27,curated_v2_agent_assisted,0.68,2024-2025,company_profiles.jsonl,
nifty_500_shariah,FIRSTCRY,Brainbees Solutions Ltd.,FIRSTCRY,INE02RE01045,Brainbees Solutions Limited,Brainbees Solutions Limited,FIRSTCRY,BRAINBEES SOLUTIONS,processed,2026-05-27,curated_v2_agent_assisted,0.68,2024-2025,company_profiles.jsonl,
nifty_500_shariah,FLUOROCHEM,Gujarat Fluorochemicals Ltd.,FLUOROCHEM,INE09N301011,Gujarat Fluorochemicals Limited,Gujarat Fluorochemicals Limited,FLUOROCHEM,GUJARAT FLUOROCHEMICALS,processed,2026-05-27,curated_v2_agent_assisted,0.68,2024-2025,company_profiles.jsonl,
nifty_500_shariah,FORCEMOT,Force Motors Ltd.,FORCEMOT,INE451A01017,FORCE MOTORS LTD,FORCE MOTORS LTD,FORCEMOT,FORCE MOTORS,processed,2026-05-27,curated_v2_agent_assisted,0.68,2024-2025,company_profiles.jsonl,
nifty_500_shariah,FORTIS,Fortis Healthcare Ltd.,FORTIS,INE061F01013,Fortis Healthcare Limited,Fortis Healthcare Limited,FORTIS,FORTIS HEALTHCARE,processed,2026-05-27,curated_v2_agent_assisted,0.68,2024-2025,company_profiles.jsonl,
nifty_500_shariah,FSL,Firstsource Solutions Ltd.,FSL,INE684F01012,Firstsource Solutions Limited,Firstsource Solutions Limited,FSL,FIRSTSOURCE SOLUTIONS,processed,2026-05-27,curated_v2_agent_assisted,0.68,2024-2025,company_profiles.jsonl,
nifty_500_shariah,GABRIEL,Gabriel India Ltd.,GABRIEL,INE524A01029,Gabriel India Limited,Gabriel India Limited,GABRIEL,GABRIEL INDIA,processed,2026-05-27,curated_v2_agent_assisted,0.68,2024-2025,company_profiles.jsonl,
nifty_500_shariah,GAIL,GAIL (India) Ltd.,GAIL,INE129A01019,GAIL (India) Limited,GAIL (India) Limited,GAIL,GAIL INDIA,processed,2026-05-27,curated_v2_agent_assisted,0.68,2024-2025,company_profiles.jsonl,
nifty_500_shariah,GALLANTT,Gallantt Ispat Ltd.,GALLANTT,INE297H01019,Gallantt Ispat Limited,Gallantt Ispat Limited,GALLANTT,GALLANTT ISPAT,processed,2026-05-27,curated_v2_agent_assisted,0.68,2024-2025,company_profiles.jsonl,
nifty_500_shariah,GILLETTE,Gillette India Ltd.,GILLETTE,INE322A01010,Gillette India Limited,Gillette India Limited,GILLETTE,GILLETTE INDIA,processed,2026-05-27,curated_v2_agent_assisted,0.68,2024-2025,company_profiles.jsonl,
nifty_500_shariah,GLENMARK,Glenmark Pharmaceuticals Ltd.,GLENMARK,INE935A01035,Glenmark Pharmaceuticals Limited,Glenmark Pharmaceuticals Limited,GLENMARK,GLENMARK PHARMACEUTICALS,processed,2026-05-27,curated_v2_agent_assisted,0.68,2024-2025,company_profiles.jsonl,
nifty_500_shariah,GODREJCP,Godrej Consumer Products Ltd.,GODREJCP,INE102D01028,Godrej Consumer Products Limited,Godrej Consumer Products Limited,GODREJCP,GODREJ CONSUMER PRODUCTS,processed,2026-05-27,curated_v2_agent_assisted,0.68,2024-2025,company_profiles.jsonl,
nifty_500_shariah,GPIL,Godawari Power & Ispat Ltd.,GPIL,INE177H01039,Godawari Power And Ispat limited,Godawari Power And Ispat limited,GPIL,GODAWARI POWER AND ISPAT,processed,2026-05-27,curated_v2_agent_assisted,0.68,2024-2025,company_profiles.jsonl,
nifty_500_shariah,GRANULES,Granules India Ltd.,GRANULES,INE101D01020,Granules India Limited,Granules India Limited,GRANULES,GRANULES INDIA,processed,2026-05-27,curated_v2_agent_assisted,0.68,2024-2025,company_profiles.jsonl,
nifty_500_shariah,GRAVITA,Gravita India Ltd.,GRAVITA,INE024L01027,Gravita India Limited,Gravita India Limited,GRAVITA,GRAVITA INDIA,processed,2026-05-27,curated_v2_agent_assisted,0.68,2024-2025,company_profiles.jsonl,
nifty_500_shariah,GVT&D,GE Vernova T&D India Ltd.,GVT&D,INE200A01026,GE Vernova T&D India Limited,GE Vernova T&D India Limited,GVT&D,GE VERNOVA T AND D INDIA,processed,2026-05-27,curated_v2_agent_assisted,0.68,2024-2025,company_profiles.jsonl,
nifty_500_shariah,HAVELLS,Havells India Ltd.,HAVELLS,INE176B01034,Havells India Limited,Havells India Limited,HAVELLS,HAVELLS INDIA,processed,2026-05-27,curated_v2_agent_assisted,0.68,2025-2026,company_profiles.jsonl,
nifty_500_shariah,HEG,HEG Ltd.,HEG,INE545A01024,HEG Limited,HEG Limited,HEG,HEG,processed,2026-05-27,curated_v2_agent_assisted,0.68,2024-2025,company_profiles.jsonl,
nifty_500_shariah,HEROMOTOCO,Hero MotoCorp Ltd.,HEROMOTOCO,INE158A01026,Hero MotoCorp Limited,Hero MotoCorp Limited,HEROMOTOCO,HERO MOTOCORP,processed,2026-05-27,curated_v2_agent_assisted,0.68,2024-2025,company_profiles.jsonl,
nifty_500_shariah,HEXT,Hexaware Technologies Ltd.,HEXT,INE093A01041,Hexaware Technologies Limited,Hexaware Technologies Limited,HEXT,HEXAWARE TECHNOLOGIES,processed,2026-05-27,curated_v2_agent_assisted,0.68,2025-2025,company_profiles.jsonl,
nifty_500_shariah,HFCL,HFCL Ltd.,HFCL,INE548A01028,HFCL Limited,HFCL Limited,HFCL,HFCL,processed,2026-05-27,curated_v2_agent_assisted,0.68,2024-2025,company_profiles.jsonl,
nifty_500_shariah,HINDCOPPER,Hindustan Copper Ltd.,HINDCOPPER,INE531E01026,Hindustan Copper Limited,Hindustan Copper Limited,HINDCOPPER,HINDUSTAN COPPER,processed,2026-05-27,curated_v2_agent_assisted,0.68,2024-2025,company_profiles.jsonl,
nifty_500_shariah,HSCL,Himadri Speciality Chemical Ltd.,HSCL,INE019C01026,Himadri Speciality Chemical Limited,Himadri Speciality Chemical Limited,HSCL,HIMADRI SPECIALITY CHEMICAL,processed,2026-05-27,curated_v2_agent_assisted,0.68,2025-2026,company_profiles.jsonl,
nifty_500_shariah,HYUNDAI,Hyundai Motor India Ltd.,HYUNDAI,INE0V6F01027,Hyundai Motor India Limited,Hyundai Motor India Limited,HYUNDAI,HYUNDAI MOTOR INDIA,processed,2026-05-27,curated_v2_agent_assisted,0.68,2024-2025,company_profiles.jsonl,
nifty_500_shariah,IGL,Indraprastha Gas Ltd.,IGL,INE203G01027,Indraprastha Gas Limited,Indraprastha Gas Limited,IGL,INDRAPRASTHA GAS,processed,2026-05-27,curated_v2_agent_assisted,0.68,2024-2025,company_profiles.jsonl,
nifty_500_shariah,INDUSTOWER,Indus Towers Ltd.,INDUSTOWER,INE121J01017,Indus Towers Limited,Indus Towers Limited,INDUSTOWER,INDUS TOWERS,processed,2026-05-27,curated_v2_agent_assisted,0.68,2024-2025,company_profiles.jsonl,
nifty_500_shariah,INOXWIND,Inox Wind Ltd.,INOXWIND,INE066P01011,Inox Wind Limited,Inox Wind Limited,INOXWIND,INOX WIND,processed,2026-05-27,curated_v2_agent_assisted,0.68,2024-2025,company_profiles.jsonl,
nifty_500_shariah,IPCALAB,Ipca Laboratories Ltd.,IPCALAB,INE571A01038,IPCA Laboratories Limited,IPCA Laboratories Limited,IPCALAB,IPCA LABORATORIES,processed,2026-05-27,curated_v2_agent_assisted,0.68,2024-2025,company_profiles.jsonl,
nifty_500_shariah,ITI,ITI Ltd.,ITI,INE248A01017,ITI Limited,ITI Limited,ITI,ITI,processed,2026-05-27,curated_v2_agent_assisted,0.68,2024-2025,company_profiles.jsonl,
nifty_500_shariah,JBCHEPHARM,J B Chemicals & Pharmaceuticals Ltd.,JBCHEPHARM,INE572A01036,JB Chemicals & Pharmaceuticals Limited,JB Chemicals & Pharmaceuticals Limited,JBCHEPHARM,JB CHEMICALS AND PHARMACEUTICALS,processed,2026-05-27,curated_v2_agent_assisted,0.68,2025-2026,company_profiles.jsonl,
nifty_500_shariah,JINDALSAW,Jindal Saw Ltd.,JINDALSAW,INE324A01032,Jindal Saw Limited,Jindal Saw Limited,JINDALSAW,JINDAL SAW,processed,2026-05-27,curated_v2_agent_assisted,0.68,2025-2026,company_profiles.jsonl,
nifty_500_shariah,JINDALSTEL,Jindal Steel Ltd.,JINDALSTEL,INE749A01030,JINDAL STEEL LIMITED,JINDAL STEEL LIMITED,JINDALSTEL,JINDAL STEEL,processed,2026-05-27,curated_v2_agent_assisted,0.68,2024-2025,company_profiles.jsonl,
nifty_500_shariah,JSL,Jindal Stainless Ltd.,JSL,INE220G01021,Jindal Stainless Limited,Jindal Stainless Limited,JSL,JINDAL STAINLESS,processed,2026-05-27,curated_v2_agent_assisted,0.68,2024-2025,company_profiles.jsonl,
nifty_500_shariah,JSWDULUX,JSW Dulux Ltd.,JSWDULUX,INE133A01011,JSW Dulux Limited,JSW Dulux Limited,JSWDULUX,JSW DULUX,processed,2026-05-27,curated_v2_agent_assisted,0.68,2024-2025,company_profiles.jsonl,annual-report text extraction: PdfReadError: Cannot find Root object in pdf
nifty_500_shariah,JUBLINGREA,Jubilant Ingrevia Ltd.,JUBLINGREA,INE0BY001018,Jubilant Ingrevia Limited,Jubilant Ingrevia Limited,JUBLINGREA,JUBILANT INGREVIA,processed,2026-05-27,curated_v2_agent_assisted,0.68,2024-2025,company_profiles.jsonl,
nifty_500_shariah,JUBLPHARMA,Jubilant Pharmova Ltd.,JUBLPHARMA,INE700A01033,Jubilant Pharmova Limited,Jubilant Pharmova Limited,JUBLPHARMA,JUBILANT PHARMOVA,processed,2026-05-27,curated_v2_agent_assisted,0.68,2024-2025,company_profiles.jsonl,
nifty_500_shariah,JWL,Jupiter Wagons Ltd.,JWL,INE209L01016,Jupiter Wagons Limited,Jupiter Wagons Limited,JWL,JUPITER WAGONS,processed,2026-05-27,curated_v2_agent_assisted,0.68,2024-2025,company_profiles.jsonl,
nifty_500_shariah,JYOTICNC,Jyoti CNC Automation Ltd.,JYOTICNC,INE980O01024,Jyoti CNC Automation Limited,Jyoti CNC Automation Limited,JYOTICNC,JYOTI CNC AUTOMATION,processed,2026-05-27,curated_v2_agent_assisted,0.68,2024-2025,company_profiles.jsonl,
nifty_500_shariah,KAJARIACER,Kajaria Ceramics Ltd.,KAJARIACER,INE217B01036,Kajaria Ceramics Limited,Kajaria Ceramics Limited,KAJARIACER,KAJARIA CERAMICS,processed,2026-05-27,curated_v2_agent_assisted,0.68,2024-2025,company_profiles.jsonl,
nifty_500_shariah,KEC,KEC International Ltd.,KEC,INE389H01022,KEC International Limited,KEC International Limited,KEC,KEC INTERNATIONAL,processed,2026-05-27,curated_v2_agent_assisted,0.68,2024-2025,company_profiles.jsonl,
nifty_500_shariah,KEI,KEI Industries Ltd.,KEI,INE878B01027,KEI Industries Limited,KEI Industries Limited,KEI,KEI INDUSTRIES,processed,2026-05-27,curated_v2_agent_assisted,0.68,2024-2025,company_profiles.jsonl,
nifty_500_shariah,KPIL,Kalpataru Projects International Ltd.,KPIL,INE220B01022,Kalpataru Projects International Limited,Kalpataru Projects International Limited,KPIL,KALPATARU PROJECTS INTERNATIONAL,processed,2026-05-27,curated_v2_agent_assisted,0.68,2024-2025,company_profiles.jsonl,
nifty_500_shariah,KPITTECH,KPIT Technologies Ltd.,KPITTECH,INE04I401011,KPIT Technologies Limited,KPIT Technologies Limited,KPITTECH,KPIT TECHNOLOGIES,processed,2026-05-27,curated_v2_agent_assisted,0.68,2024-2025,company_profiles.jsonl,
nifty_500_shariah,LINDEINDIA,Linde India Ltd.,LINDEINDIA,INE473A01011,Linde India Limited,Linde India Limited,LINDEINDIA,LINDE INDIA,processed,2026-05-27,curated_v2_agent_assisted,0.68,2024-2025,company_profiles.jsonl,
nifty_500_shariah,LLOYDSME,Lloyds Metals & Energy Ltd.,LLOYDSME,INE281B01032,Lloyds Metals And Energy Limited,Lloyds Metals And Energy Limited,LLOYDSME,LLOYDS METALS AND ENERGY,processed,2026-05-27,curated_v2_agent_assisted,0.68,2025-2026,company_profiles.jsonl,
nifty_500_shariah,LODHA,Lodha Developers Ltd.,LODHA,INE670K01029,Lodha Developers Limited,Lodha Developers Limited,LODHA,LODHA DEVELOPERS,processed,2026-05-27,curated_v2_agent_assisted,0.68,2024-2025,company_profiles.jsonl,
nifty_500_shariah,LTFOODS,LT Foods Ltd.,LTFOODS,INE818H01020,LT Foods Limited,LT Foods Limited,LTFOODS,LT FOODS,processed,2026-05-27,curated_v2_agent_assisted,0.68,2024-2025,company_profiles.jsonl,
nifty_500_shariah,LTM,LTM Ltd.,LTM,INE214T01019,LTM Limited,LTM Limited,LTM,LTM,processed,2026-05-27,curated_v2_agent_assisted,0.68,2025-2026,company_profiles.jsonl,
nifty_500_shariah,LTTS,L&T Technology Services Ltd.,LTTS,INE010V01017,L&T Technology Services Limited,L&T Technology Services Limited,LTTS,L AND T TECHNOLOGY SERVICES,processed,2026-05-27,curated_v2_agent_assisted,0.68,2024-2025,company_profiles.jsonl,
nifty_500_shariah,LUPIN,Lupin Ltd.,LUPIN,INE326A01037,Lupin Limited,Lupin Limited,LUPIN,LUPIN,processed,2026-05-27,curated_v2_agent_assisted,0.68,2024-2025,company_profiles.jsonl,
nifty_500_shariah,MARICO,Marico Ltd.,MARICO,INE196A01026,Marico Limited,Marico Limited,MARICO,MARICO,processed,2026-05-27,curated_v2_agent_assisted,0.68,2024-2025,company_profiles.jsonl,
nifty_500_shariah,MEDANTA,Global Health Ltd.,MEDANTA,INE474Q01031,Global Health Limited,Global Health Limited,MEDANTA,GLOBAL HEALTH,processed,2026-05-27,curated_v2_agent_assisted,0.68,2024-2025,company_profiles.jsonl,
nifty_500_shariah,MGL,Mahanagar Gas Ltd.,MGL,INE002S01010,Mahanagar Gas Limited,Mahanagar Gas Limited,MGL,MAHANAGAR GAS,processed,2026-05-27,curated_v2_agent_assisted,0.68,2024-2025,company_profiles.jsonl,
nifty_500_shariah,MOTHERSON,Samvardhana Motherson International Ltd.,MOTHERSON,INE775A01035,Samvardhana Motherson International Limited,Samvardhana Motherson International Limited,MOTHERSON,SAMVARDHANA MOTHERSON INTERNATIONAL,processed,2026-05-27,curated_v2_agent_assisted,0.68,2024-2025,company_profiles.jsonl,
nifty_500_shariah,MPHASIS,MphasiS Ltd.,MPHASIS,INE356A01018,MphasiS Limited,MphasiS Limited,MPHASIS,MPHASIS,processed,2026-05-27,curated_v2_agent_assisted,0.68,2024-2025,company_profiles.jsonl,
nifty_500_shariah,MRF,MRF Ltd.,MRF,INE883A01011,MRF Limited,MRF Limited,MRF,MRF,processed,2026-05-27,curated_v2_agent_assisted,0.68,2024-2025,company_profiles.jsonl,
nifty_500_shariah,MSUMI,Motherson Sumi Wiring India Ltd.,MSUMI,INE0FS801015,Motherson Sumi Wiring India Limited,Motherson Sumi Wiring India Limited,MSUMI,MOTHERSON SUMI WIRING INDIA,processed,2026-05-27,curated_v2_agent_assisted,0.68,2024-2025,company_profiles.jsonl,
nifty_500_shariah,NATIONALUM,National Aluminium Company Ltd.,NATIONALUM,INE139A01034,National Aluminium Company Limited,National Aluminium Company Limited,NATIONALUM,NATIONAL ALUMINIUM,processed,2026-05-27,curated_v2_agent_assisted,0.68,2024-2025,company_profiles.jsonl,
nifty_500_shariah,NAVA,NAVA Ltd.,NAVA,INE725A01030,NAVA LIMITED,NAVA LIMITED,NAVA,NAVA,processed,2026-05-27,curated_v2_agent_assisted,0.68,2024-2025,company_profiles.jsonl,
nifty_500_shariah,NBCC,NBCC (India) Ltd.,NBCC,INE095N01031,NBCC (India) Limited,NBCC (India) Limited,NBCC,NBCC INDIA,processed,2026-05-27,curated_v2_agent_assisted,0.68,2024-2025,company_profiles.jsonl,
nifty_500_shariah,NCC,NCC Ltd.,NCC,INE868B01028,NCC Limited,NCC Limited,NCC,NCC,processed,2026-05-27,curated_v2_agent_assisted,0.68,2024-2025,company_profiles.jsonl,
nifty_500_shariah,NETWEB,Netweb Technologies India Ltd.,NETWEB,INE0NT901020,Netweb Technologies India Limited,Netweb Technologies India Limited,NETWEB,NETWEB TECHNOLOGIES INDIA,processed,2026-05-27,curated_v2_agent_assisted,0.68,2024-2025,company_profiles.jsonl,
nifty_500_shariah,NEULANDLAB,Neuland Laboratories Ltd.,NEULANDLAB,INE794A01010,Neuland Laboratories Limited,Neuland Laboratories Limited,NEULANDLAB,NEULAND LABORATORIES,processed,2026-05-27,curated_v2_agent_assisted,0.68,2024-2025,company_profiles.jsonl,
nifty_500_shariah,NSLNISP,NMDC Steel Ltd.,NSLNISP,INE0NNS01018,NMDC Steel Limited,NMDC Steel Limited,NSLNISP,NMDC STEEL,processed,2026-05-27,curated_v2_agent_assisted,0.68,2024-2025,company_profiles.jsonl,
nifty_500_shariah,NUVOCO,Nuvoco Vistas Corporation Ltd.,NUVOCO,INE118D01016,Nuvoco Vistas Corporation Limited,Nuvoco Vistas Corporation Limited,NUVOCO,NUVOCO VISTAS,processed,2026-05-27,curated_v2_agent_assisted,0.68,2024-2025,company_profiles.jsonl,
nifty_500_shariah,OLECTRA,Olectra Greentech Ltd.,OLECTRA,INE260D01016,Olectra Greentech Limited,Olectra Greentech Limited,OLECTRA,OLECTRA GREENTECH,processed,2026-05-27,curated_v2_agent_assisted,0.68,2024-2025,company_profiles.jsonl,
nifty_500_shariah,PAGEIND,Page Industries Ltd.,PAGEIND,INE761H01022,Page Industries Limited,Page Industries Limited,PAGEIND,PAGE INDUSTRIES,processed,2026-05-27,curated_v2_agent_assisted,0.68,2024-2025,company_profiles.jsonl,
nifty_500_shariah,PATANJALI,Patanjali Foods Ltd.,PATANJALI,INE619A01035,Patanjali Foods Limited,Patanjali Foods Limited,PATANJALI,PATANJALI FOODS,processed,2026-05-27,curated_v2_agent_assisted,0.68,2024-2025,company_profiles.jsonl,
nifty_500_shariah,PERSISTENT,Persistent Systems Ltd.,PERSISTENT,INE262H01021,Persistent Systems Limited,Persistent Systems Limited,PERSISTENT,PERSISTENT SYSTEMS,processed,2026-05-27,curated_v2_agent_assisted,0.68,2024-2025,company_profiles.jsonl,
nifty_500_shariah,PETRONET,Petronet LNG Ltd.,PETRONET,INE347G01014,Petronet LNG Limited,Petronet LNG Limited,PETRONET,PETRONET LNG,processed,2026-05-27,curated_v2_agent_assisted,0.68,2024-2025,company_profiles.jsonl,
nifty_500_shariah,PGEL,PG Electroplast Ltd.,PGEL,INE457L01029,PG Electroplast Limited,PG Electroplast Limited,PGEL,PG ELECTROPLAST,processed,2026-05-27,curated_v2_agent_assisted,0.68,2024-2025,company_profiles.jsonl,
nifty_500_shariah,PIDILITIND,Pidilite Industries Ltd.,PIDILITIND,INE318A01026,Pidilite Industries Limited,Pidilite Industries Limited,PIDILITIND,PIDILITE INDUSTRIES,processed,2026-05-27,curated_v2_agent_assisted,0.68,2024-2025,company_profiles.jsonl,
nifty_500_shariah,POLYCAB,Polycab India Ltd.,POLYCAB,INE455K01017,Polycab India Limited,Polycab India Limited,POLYCAB,POLYCAB INDIA,processed,2026-05-27,curated_v2_agent_assisted,0.68,2024-2025,company_profiles.jsonl,
nifty_500_shariah,POWERINDIA,Hitachi Energy India Ltd.,POWERINDIA,INE07Y701011,Hitachi Energy India Limited,Hitachi Energy India Limited,POWERINDIA,HITACHI ENERGY INDIA,processed,2026-05-27,curated_v2_agent_assisted,0.68,2024-2025,company_profiles.jsonl,
nifty_500_shariah,RAILTEL,RailTel Corporation of India Ltd.,RAILTEL,INE0DD101019,Railtel Corporation Of India Limited,Railtel Corporation Of India Limited,RAILTEL,RAILTEL OF INDIA,processed,2026-05-27,curated_v2_agent_assisted,0.68,2024-2025,company_profiles.jsonl,
nifty_500_shariah,REDINGTON,Redington Ltd.,REDINGTON,INE891D01026,Redington Limited,Redington Limited,REDINGTON,REDINGTON,processed,2026-05-27,curated_v2_agent_assisted,0.68,2024-2025,company_profiles.jsonl,
nifty_500_shariah,RHIM,RHI Magnesita India Ltd.,RHIM,INE743M01012,RHI MAGNESITA INDIA LIMITED,RHI MAGNESITA INDIA LIMITED,RHIM,RHI MAGNESITA INDIA,processed,2026-05-27,curated_v2_agent_assisted,0.68,2024-2025,company_profiles.jsonl,
nifty_500_shariah,RRKABEL,R R Kabel Ltd.,RRKABEL,INE777K01022,R R Kabel Limited,R R Kabel Limited,RRKABEL,R R KABEL,processed,2026-05-27,curated_v2_agent_assisted,0.68,2024-2025,company_profiles.jsonl,
nifty_500_shariah,RVNL,Rail Vikas Nigam Ltd.,RVNL,INE415G01027,Rail Vikas Nigam Limited,Rail Vikas Nigam Limited,RVNL,RAIL VIKAS NIGAM,processed,2026-05-27,curated_v2_agent_assisted,0.68,2024-2025,company_profiles.jsonl,
nifty_500_shariah,SAGILITY,Sagility Ltd.,SAGILITY,INE0W2G01015,SAGILITY LIMITED,SAGILITY LIMITED,SAGILITY,SAGILITY,processed,2026-05-27,curated_v2_agent_assisted,0.68,2024-2025,company_profiles.jsonl,
nifty_500_shariah,SAIL,Steel Authority of India (SAIL) Ltd.,SAIL,INE114A01011,Steel Authority of India Limited,Steel Authority of India Limited,SAIL,STEEL AUTHORITY OF INDIA,processed,2026-05-27,curated_v2_agent_assisted,0.68,2024-2025,company_profiles.jsonl,
nifty_500_shariah,SAILIFE,Sai Life Science Ltd.,SAILIFE,INE570L01029,Sai Life Sciences Limited,Sai Life Sciences Limited,SAILIFE,SAI LIFE SCIENCES,processed,2026-05-27,curated_v2_agent_assisted,0.68,2024-2025,company_profiles.jsonl,
nifty_500_shariah,SCHAEFFLER,Schaeffler India Ltd.,SCHAEFFLER,INE513A01022,Schaeffler India Limited,Schaeffler India Limited,SCHAEFFLER,SCHAEFFLER INDIA,processed,2026-05-27,curated_v2_agent_assisted,0.68,2025-2025,company_profiles.jsonl,
nifty_500_shariah,SCI,Shipping Corporation of India Ltd.,SCI,INE109A01011,Shipping Corporation Of India Limited,Shipping Corporation Of India Limited,SCI,SHIPPING OF INDIA,processed,2026-05-27,curated_v2_agent_assisted,0.68,2024-2025,company_profiles.jsonl,
nifty_500_shariah,SHYAMMETL,Shyam Metalics and Energy Ltd.,SHYAMMETL,INE810G01011,Shyam Metalics and Energy Limited,Shyam Metalics and Energy Limited,SHYAMMETL,SHYAM METALICS AND ENERGY,processed,2026-05-27,curated_v2_agent_assisted,0.68,2024-2025,company_profiles.jsonl,
nifty_500_shariah,SOBHA,Sobha Ltd.,SOBHA,INE671H01015,Sobha Limited,Sobha Limited,SOBHA,SOBHA,processed,2026-05-27,curated_v2_agent_assisted,0.68,2024-2025,company_profiles.jsonl,annual-report text extraction: PdfReadError: Cannot find Root object in pdf
nifty_500_shariah,SONATSOFTW,Sonata Software Ltd.,SONATSOFTW,INE269A01021,Sonata Software Limited,Sonata Software Limited,SONATSOFTW,SONATA SOFTWARE,processed,2026-05-27,curated_v2_agent_assisted,0.68,2024-2025,company_profiles.jsonl,annual-report text extraction: PdfReadError: Cannot find Root object in pdf
nifty_500_shariah,SPLPETRO,Supreme Petrochem Ltd.,SPLPETRO,INE663A01033,Supreme Petrochem Limited,Supreme Petrochem Limited,SPLPETRO,SUPREME PETROCHEM,processed,2026-05-27,curated_v2_agent_assisted,0.68,2024-2025,company_profiles.jsonl,
nifty_500_shariah,SRF,SRF Ltd.,SRF,INE647A01010,SRF Limited,SRF Limited,SRF,SRF,processed,2026-05-27,curated_v2_agent_assisted,0.68,2024-2025,company_profiles.jsonl,annual-report text extraction: PdfReadError: Cannot find Root object in pdf
nifty_500_shariah,SUPREMEIND,Supreme Industries Ltd.,SUPREMEIND,INE195A01028,Supreme Industries Limited,Supreme Industries Limited,SUPREMEIND,SUPREME INDUSTRIES,processed,2026-05-27,curated_v2_agent_assisted,0.68,2024-2025,company_profiles.jsonl,
nifty_500_shariah,SUZLON,Suzlon Energy Ltd.,SUZLON,INE040H01021,Suzlon Energy Limited,Suzlon Energy Limited,SUZLON,SUZLON ENERGY,processed,2026-05-27,curated_v2_agent_assisted,0.68,2024-2025,company_profiles.jsonl,
nifty_500_shariah,SWANCORP,Swan Corp Ltd.,SWANCORP,INE665A01038,SWAN CORP LIMITED,SWAN CORP LIMITED,SWANCORP,SWAN,processed,2026-05-27,curated_v2_agent_assisted,0.68,2024-2025,company_profiles.jsonl,
nifty_500_shariah,SWIGGY,Swiggy Ltd.,SWIGGY,INE00H001014,Swiggy Limited,Swiggy Limited,SWIGGY,SWIGGY,processed,2026-05-27,curated_v2_agent_assisted,0.68,2024-2025,company_profiles.jsonl,
nifty_500_shariah,SYNGENE,Syngene International Ltd.,SYNGENE,INE398R01022,Syngene International Limited,Syngene International Limited,SYNGENE,SYNGENE INTERNATIONAL,processed,2026-05-27,curated_v2_agent_assisted,0.68,2024-2025,company_profiles.jsonl,
nifty_500_shariah,SYRMA,Syrma SGS Technology Ltd.,SYRMA,INE0DYJ01015,Syrma SGS Technology Limited,Syrma SGS Technology Limited,SYRMA,SYRMA SGS TECHNOLOGY,processed,2026-05-27,curated_v2_agent_assisted,0.68,2024-2025,company_profiles.jsonl,
nifty_500_shariah,TARIL,Transformers & Rectifiers (India) Ltd.,TARIL,INE763I01026,Transformers And Rectifiers (India) Limited,Transformers And Rectifiers (India) Limited,TARIL,TRANSFORMERS AND RECTIFIERS INDIA,processed,2026-05-27,curated_v2_agent_assisted,0.68,2024-2025,company_profiles.jsonl,
nifty_500_shariah,TATACHEM,Tata Chemicals Ltd.,TATACHEM,INE092A01019,Tata Chemicals Limited,Tata Chemicals Limited,TATACHEM,TATA CHEMICALS,processed,2026-05-27,curated_v2_agent_assisted,0.68,2024-2025,company_profiles.jsonl,
nifty_500_shariah,TATATECH,Tata Technologies Ltd.,TATATECH,INE142M01025,Tata Technologies Limited,Tata Technologies Limited,TATATECH,TATA TECHNOLOGIES,processed,2026-05-27,curated_v2_agent_assisted,0.68,2024-2025,company_profiles.jsonl,
nifty_500_shariah,TBOTEK,TBO Tek Ltd.,TBOTEK,INE673O01025,TBO Tek Limited,TBO Tek Limited,TBOTEK,TBO TEK,processed,2026-05-27,curated_v2_agent_assisted,0.68,2024-2025,company_profiles.jsonl,
nifty_500_shariah,TEGA,Tega Industries Ltd.,TEGA,INE011K01018,Tega Industries Limited,Tega Industries Limited,TEGA,TEGA INDUSTRIES,processed,2026-05-27,curated_v2_agent_assisted,0.68,2024-2025,company_profiles.jsonl,
nifty_500_shariah,TENNIND,Tenneco Clean Air India Ltd.,TENNIND,INE19RI01016,Tenneco Clean Air India Limited,Tenneco Clean Air India Limited,TENNIND,TENNECO CLEAN AIR INDIA,processed,2026-05-27,curated_v2_agent_assisted,0.58,2024-2025,company_profiles.jsonl,weak or missing data
nifty_500_shariah,THERMAX,Thermax Ltd.,THERMAX,INE152A01029,Thermax Limited,Thermax Limited,THERMAX,THERMAX,processed,2026-05-27,curated_v2_agent_assisted,0.68,2024-2025,company_profiles.jsonl,
nifty_500_shariah,TIINDIA,Tube Investments of India Ltd.,TIINDIA,INE974X01010,Tube Investments of India Limited,Tube Investments of India Limited,TIINDIA,TUBE INVESTMENTS OF INDIA,processed,2026-05-27,curated_v2_agent_assisted,0.68,2024-2025,company_profiles.jsonl,annual-report text extraction: PdfReadError: Cannot find Root object in pdf
nifty_500_shariah,TIMKEN,Timken India Ltd.,TIMKEN,INE325A01013,Timken India Limited,Timken India Limited,TIMKEN,TIMKEN INDIA,processed,2026-05-27,curated_v2_agent_assisted,0.68,2024-2025,company_profiles.jsonl,
nifty_500_shariah,TITAGARH,Titagarh Rail Systems Ltd.,TITAGARH,INE615H01020,TITAGARH RAIL SYSTEMS LIMITED,TITAGARH RAIL SYSTEMS LIMITED,TITAGARH,TITAGARH RAIL SYSTEMS,processed,2026-05-27,curated_v2_agent_assisted,0.68,2024-2025,company_profiles.jsonl,annual-report text extraction: PdfReadError: Cannot find Root object in pdf
nifty_500_shariah,TORNTPHARM,Torrent Pharmaceuticals Ltd.,TORNTPHARM,INE685A01028,Torrent Pharmaceuticals Limited,Torrent Pharmaceuticals Limited,TORNTPHARM,TORRENT PHARMACEUTICALS,processed,2026-05-27,curated_v2_agent_assisted,0.68,2024-2025,company_profiles.jsonl,annual-report text extraction: PdfReadError: Cannot find Root object in pdf
nifty_500_shariah,TORNTPOWER,Torrent Power Ltd.,TORNTPOWER,INE813H01021,Torrent Power Limited,Torrent Power Limited,TORNTPOWER,TORRENT POWER,processed,2026-05-27,curated_v2_agent_assisted,0.68,2024-2025,company_profiles.jsonl,annual-report text extraction: PdfReadError: Cannot find Root object in pdf
nifty_500_shariah,TRIDENT,Trident Ltd.,TRIDENT,INE064C01022,Trident Limited,Trident Limited,TRIDENT,TRIDENT,processed,2026-05-27,curated_v2_agent_assisted,0.68,2024-2025,company_profiles.jsonl,
nifty_500_shariah,UNOMINDA,UNO Minda Ltd.,UNOMINDA,INE405E01023,UNO Minda Limited,UNO Minda Limited,UNOMINDA,UNO MINDA,processed,2026-05-27,curated_v2_agent_assisted,0.68,2024-2025,company_profiles.jsonl,
nifty_500_shariah,USHAMART,Usha Martin Ltd.,USHAMART,INE228A01035,Usha Martin Limited,Usha Martin Limited,USHAMART,USHA MARTIN,processed,2026-05-27,curated_v2_agent_assisted,0.68,2024-2025,company_profiles.jsonl,
nifty_500_shariah,VMM,Vishal Mega Mart Ltd.,VMM,INE01EA01019,Vishal Mega Mart Limited,Vishal Mega Mart Limited,VMM,VISHAL MEGA MART,processed,2026-05-27,curated_v2_agent_assisted,0.68,2024-2025,company_profiles.jsonl,
nifty_500_shariah,VOLTAS,Voltas Ltd.,VOLTAS,INE226A01021,Voltas Limited,Voltas Limited,VOLTAS,VOLTAS,processed,2026-05-27,curated_v2_agent_assisted,0.68,2024-2025,company_profiles.jsonl,
nifty_500_shariah,VTL,Vardhman Textiles Ltd.,VTL,INE825A01020,Vardhman Textiles Limited,Vardhman Textiles Limited,VTL,VARDHMAN TEXTILES,processed,2026-05-27,curated_v2_agent_assisted,0.68,2024-2025,company_profiles.jsonl,
nifty_500_shariah,WELCORP,Welspun Corp Ltd.,WELCORP,INE191B01025,Welspun Corp Limited,Welspun Corp Limited,WELCORP,WELSPUN,processed,2026-05-27,curated_v2_agent_assisted,0.68,2024-2025,company_profiles.jsonl,annual-report text extraction: PdfReadError: Cannot find Root object in pdf
nifty_500_shariah,WELSPUNLIV,Welspun Living Ltd.,WELSPUNLIV,INE192B01031,Welspun Living Limited,Welspun Living Limited,WELSPUNLIV,WELSPUN LIVING,processed,2026-05-27,curated_v2_agent_assisted,0.68,2024-2025,company_profiles.jsonl,annual-report text extraction: PdfReadError: Cannot find Root object in pdf
nifty_500_shariah,WHIRLPOOL,Whirlpool of India Ltd.,WHIRLPOOL,INE716A01013,Whirlpool of India Limited,Whirlpool of India Limited,WHIRLPOOL,WHIRLPOOL OF INDIA,processed,2026-05-27,curated_v2_agent_assisted,0.68,2024-2025,company_profiles.jsonl,
nifty_500_shariah,WOCKPHARMA,Wockhardt Ltd.,WOCKPHARMA,INE049B01025,Wockhardt Limited,Wockhardt Limited,WOCKPHARMA,WOCKHARDT,processed,2026-05-27,curated_v2_agent_assisted,0.68,2024-2025,company_profiles.jsonl,
nifty_500_shariah,ZYDUSLIFE,Zydus Lifesciences Ltd.,ZYDUSLIFE,INE010B01027,Zydus Lifesciences Limited,Zydus Lifesciences Limited,ZYDUSLIFE,ZYDUS LIFESCIENCES,processed,2026-05-27,curated_v2_agent_assisted,0.68,2024-2025,company_profiles.jsonl,
nifty_500_shariah,ZYDUSWELL,Zydus Wellness Ltd.,ZYDUSWELL,INE768C01028,Zydus Wellness Limited,Zydus Wellness Limited,ZYDUSWELL,ZYDUS WELLNESS,processed,2026-05-27,curated_v2_agent_assisted,0.68,2024-2025,company_profiles.jsonl,
